keyword,intent,icp,pillar,cluster,target_url,source,monthly_searches,difficulty,notes,variant_type,parent_seed,serp_notes
client acquisition for ria,transactional,RIA,Client Acquisition,Onboarding & Proposal,/features/client-acquisition,GSC|Heuristic,,,"Primary seed for RIA demand","head",,
ria onboarding software,commercial,RIA,Client Acquisition,Onboarding & Proposal,/features/client-acquisition,Heuristic,,,"Software-modifier variant","long_tail","client acquisition for ria",
brokerage statement scanner,informational,All,Client Acquisition,Statement Scanning,/features/automated-statement-scanner,GSC|Heuristic,,,"Seed for scanning cluster","head",,
ocr brokerage statement,informational,All,Client Acquisition,Statement Scanning,/features/automated-statement-scanner,DFS,,,"OCR-modifier","long_tail","brokerage statement scanner",
held-away asset aggregation,informational,RIA,Client Acquisition,Statement Scanning,/features/automated-statement-scanner,Heuristic,,,"Related intake topic","adjacent","brokerage statement scanner",
investment policy statement software,commercial,All,Compliance,IPS & Reg BI,/features/investment-policy-statements,DFS,320,34,"Strong tool-intent","head",,
ips generator advisors,transactional,All,Compliance,IPS & Reg BI,/features/investment-policy-statements,DFS,,,"Generator-modifier","long_tail","investment policy statement software",
reg bi documentation generator,informational,All,Compliance,IPS & Reg BI,/features/regulation-best-interest-generator,Heuristic,,,"Process intent","adjacent","investment policy statement software",
portfolio comparison tool advisors,informational,All,Portfolio Ops,Portfolio Analytics,/features/asset-allocation,Heuristic,,,"Evaluation intent","adjacent","asset allocation",
portfolio risk management software,commercial,All,Risk & Compliance,Risk Management,/features/risk-management,Heuristic,70,13,"Tool intent for risk workflows","head",,
ria proposal generation,commercial,RIA,Client Acquisition,Onboarding & Proposal,/features/client-acquisition,Heuristic,,,"Proposal verb intent","adjacent","client acquisition for ria",
financial advisor proposal software,commercial,All,Client Acquisition,Onboarding & Proposal,/features/client-acquisition,DFS,,,"Generic advisor-tool intent","head",,
solo advisor productivity,informational,Solo Advisor,Advisor Productivity,Workflow Automation,/segments/financial-planners,Heuristic,,,"Solo pain-language","head",,
wealth manager client acquisition,commercial,Wealth Manager,Client Acquisition,Onboarding & Proposal,/segments/wealth-managers,Heuristic,,,"ICP variant","long_tail","client acquisition for ria",
advisor statement scanning pdf,informational,All,Client Acquisition,Statement Scanning,/features/automated-statement-scanner,Heuristic,,,"Filetype modifier","long_tail","brokerage statement scanner",
ips template for clients,informational,All,Compliance,IPS & Reg BI,/features/investment-policy-statements,Heuristic,,,"Template modifier","question","investment policy statement software",
reg bi checklist advisors,informational,All,Compliance,IPS & Reg BI,/features/regulation-best-interest-generator,Heuristic,,,"Checklist modifier","question","reg bi documentation generator",
ai wealth management platform,informational,All,Advisor Productivity,Platform Overview,/how-it-works,Heuristic,,,"Category term","head",,
financial advisor onboarding automation,informational,All,Client Acquisition,Onboarding & Proposal,/features/client-acquisition,DFS,,,"Automation modifier","long_tail","client acquisition for ria",
ai portfolio optimization advisors,informational,All,Portfolio Ops,Portfolio Analytics,/features/asset-allocation,Heuristic,,,"Optimization modifier","adjacent","asset allocation",
investment proposal software advisors,commercial,All,Client Acquisition,Onboarding & Proposal,/features/client-acquisition,DFS,,,"Proposal software generic","head",,
riskalyze alternative,informational,All,Risk & Compliance,Risk Management,/features/risk-management,DFS,,,"Brand comparison","comparison","portfolio risk management software","SERP shows Nitrogen docs/competitors"
vrgl alternative,informational,All,Client Acquisition,Onboarding & Proposal,/features/client-acquisition,DFS,,,"Brand comparison","comparison","financial advisor proposal software","SERP shows VRGL pages"
ips advisor pro alternative,informational,All,Compliance,IPS & Reg BI,/features/investment-policy-statements,DFS,,,"Brand comparison","comparison","investment policy statement software","Fi360 / IPS Advisor Pro"
ycharts alternative,informational,All,Portfolio Ops,Portfolio Analytics,/features/asset-allocation,DFS,,,"Brand comparison","comparison","portfolio analytics","YCharts"
kwanti alternative,informational,All,Portfolio Ops,Portfolio Analytics,/features/asset-allocation,DFS,,,"Brand comparison","comparison","portfolio analytics","Kwanti"
statement scanning for financial advisors,informational,All,Client Acquisition,Statement Scanning,/features/automated-statement-scanner,DFS|GSC,,,"Advisor-specific phrasing","long_tail","brokerage statement scanner",
held-away asset aggregation software,informational,All,Client Acquisition,Statement Scanning,/features/automated-statement-scanner,Heuristic,,,"Software modifier","long_tail","held-away asset aggregation",
ria client onboarding,commercial,RIA,Client Acquisition,Onboarding & Proposal,/features/client-acquisition,GSC,,,"Short seed variant","long_tail","client acquisition for ria",
advisor proposal template,informational,All,Client Acquisition,Onboarding & Proposal,/features/client-acquisition,Heuristic,,,"Template intent","question","financial advisor proposal software",
advisor compliance automation,informational,All,Compliance,IPS & Reg BI,/features/regulation-best-interest-generator,Heuristic,,,"Automation modifier","adjacent","reg bi documentation generator",
how to scan brokerage statements to csv,informational,All,Client Acquisition,Statement Scanning,/features/automated-statement-scanner,Heuristic,,,"How-to phrasing","question","brokerage statement scanner","PAA shows similar queries"
riskalyze vs investipal,informational,All,Risk & Compliance,Risk Management,/features/risk-management,Heuristic,,,"Direct brand comparison","comparison","portfolio risk management software",
vrgl vs investipal,informational,All,Client Acquisition,Onboarding & Proposal,/features/client-acquisition,Heuristic,,,"Direct brand comparison","comparison","financial advisor proposal software",
ips example for clients,informational,All,Compliance,IPS & Reg BI,/features/investment-policy-statements,Heuristic,,,"Example intent","question","investment policy statement software",
portfolio comparison template excel,informational,All,Portfolio Ops,Portfolio Analytics,/features/asset-allocation,Heuristic,,,"Template/format intent","adjacent","portfolio comparison tool advisors",
client onboarding checklist ria,informational,RIA,Client Acquisition,Onboarding & Proposal,/features/client-acquisition,Heuristic,,,"Checklist intent","question","client acquisition for ria",
advisor onboarding form template,informational,All,Client Acquisition,Onboarding & Proposal,/features/client-acquisition,Heuristic,,,"Template intent","question","client acquisition for ria",
csv export brokerage statements,informational,All,Client Acquisition,Statement Scanning,/features/automated-statement-scanner,Heuristic,,,"Export intent","question","brokerage statement scanner",
pdf to portfolio csv advisors,informational,All,Client Acquisition,Statement Scanning,/features/automated-statement-scanner,Heuristic,,,"Conversion phrasing","long_tail","brokerage statement scanner",
portfolio drift monitoring alerts,informational,All,Portfolio Ops,Portfolio Analytics,/features/risk-management,Heuristic,,,"Risk ops intent","adjacent","portfolio risk management software",
tax transition analysis tool,informational,All,Portfolio Ops,Portfolio Analytics,/features/asset-allocation,Heuristic,,,"Tax modifier","adjacent","asset allocation",
alternative investments modeling advisors,informational,All,Portfolio Ops,Portfolio Analytics,/features/asset-allocation,Heuristic,,,"Alternatives modeling","adjacent","asset allocation",
annuity iul modeling software,informational,All,Portfolio Ops,Portfolio Analytics,/features/iul-annuity-modeling,Heuristic,,,"Insurance modeling","adjacent","asset allocation",
investment policy statement vs reg bi,informational,All,Compliance,IPS & Reg BI,/features/investment-policy-statements,Heuristic,,,"Comparison informational","question","investment policy statement software",
how to generate ips for a client,informational,All,Compliance,IPS & Reg BI,/features/investment-policy-statements,Heuristic,,,"How-to phrasing","question","investment policy statement software",
reg bi disclosure example,informational,All,Compliance,IPS & Reg BI,/features/regulation-best-interest-generator,Heuristic,,,"Example intent","question","reg bi documentation generator",
advisor lead generation ideas,informational,All,Client Acquisition,Onboarding & Proposal,/features/client-acquisition,Heuristic,,,"Topical adjacent","adjacent","client acquisition for ria",
ria marketing ai,informational,RIA,Client Acquisition,Onboarding & Proposal,/features/client-acquisition,Heuristic,,,"AI modifier","adjacent","client acquisition for ria",
wealthbox integration advisors,informational,All,Advisor Productivity,Integrations,/integrations/wealthbox,Heuristic,,,"Integration intent","adjacent","ai wealth management platform",
redtail crm integration advisors,informational,All,Advisor Productivity,Integrations,/integrations/redtail,Heuristic,,,"Integration intent","adjacent","ai wealth management platform",
salesforce financial services cloud integration,informational,All,Advisor Productivity,Integrations,/integrations/salesforce,Heuristic,,,"Integration intent","adjacent","ai wealth management platform",
precisefp integration use cases,informational,All,Advisor Productivity,Integrations,/integrations/precisefp,Heuristic,,,"Integration + onboarding","adjacent","client acquisition for ria",
elements integration advisors,informational,All,Advisor Productivity,Integrations,/integrations/elements,Heuristic,,,"Integration intent","adjacent","ai wealth management platform",
side drawer document management integration,informational,All,Advisor Productivity,Integrations,/integrations/side-drawer,Heuristic,,,"Doc mgmt integration","adjacent","ai wealth management platform",
yourstake alternative,informational,All,Advisor Productivity,Platform Overview,/how-it-works,DFS,,,"Brand comparison (ESG space)","comparison","ai wealth management platform",
nitrogen alternative,informational,All,Risk & Compliance,Risk Management,/features/risk-management,DFS,,,"Brand comparison","comparison","portfolio risk management software",
how to create an investment policy statement,informational,All,Compliance,IPS & Reg BI,/features/investment-policy-statements,DFS,10,,"How‑to phrasing","question","investment policy statement software",
reg bi documentation template,informational,All,Compliance,IPS & Reg BI,/features/regulation-best-interest-generator,Heuristic,,,"Template intent","question","reg bi documentation generator",
scan pdf portfolio statements,informational,All,Client Acquisition,Statement Scanning,/features/automated-statement-scanner,Heuristic,,,"How‑to phrasing","question","brokerage statement scanner",
held-away accounts analysis,informational,All,Client Acquisition,Statement Scanning,/features/automated-statement-scanner,Heuristic,,,"Terminology variant","long_tail","held-away asset aggregation",
advisor proposal generator,commercial,All,Client Acquisition,Onboarding & Proposal,/features/client-acquisition,DFS,,,"Generator phrasing","long_tail","financial advisor proposal software",
