keyword,current_or_proposed_url,page_type,priority
investment policy statement,/learn/investment-policy-statement,hub,1
investment policy statement template,/downloads/ips-templates,download,1
investment policy statement example,/learn/investment-policy-statement/examples,learn,2
personal investment policy statement,/learn/investment-policy-statement/personal,learn,3
investment policy statement for nonprofits,/learn/investment-policy-statement/nonprofit,learn,2
brokerage statement,/learn/brokerage-statements,hub,1
how to read a brokerage statement,/learn/brokerage-statements/how-to-read,learn,1
sample brokerage statement pdf,/downloads/brokerage-statement-sample,download,1
fidelity statement example,/learn/brokerage-statements/fidelity-example,learn,3
held-away assets,/learn/held-away-assets,hub,2
regulation best interest,/learn/reg-bi,hub,2
form crs,/learn/reg-bi/form-crs,learn,2
ria software,/solutions/ria-software,category,2
ria compliance software,/solutions/ria-software/compliance,solution,2
ria billing software,/solutions/ria-software/billing,solution,2
portfolio management software ria,/solutions/ria-software/portfolio-management,solution,3
ria reporting software,/solutions/ria-software/reporting,solution,3
portfolio optimization,/learn/portfolio-optimization,hub,3
financial advisor proposal,/learn/proposal-generation,hub,2
financial advisor proposal template,/downloads/proposal-templates,download,1
investment proposal example,/learn/proposal-generation/examples,learn,2
proposal generator,/features/proposal-generation,feature,2
ria onboarding checklist,/learn/onboarding/checklist,learn,2
new account paperwork,/learn/onboarding/new-account-paperwork,learn,3
account opening,/solutions/onboarding-account-opening,solution,2
advisory agreement template,/downloads/advisory-agreement-template,download,2
custodian account opening,/solutions/onboarding-account-opening/custodians,solution,3
risk tolerance questionnaire,/learn/intake/risk-tolerance-questionnaire,learn,3
